r_kpc,phi_mid_norm,phi_ucp_norm,ratio_mid_over_ucp
0.05,1.0,1.0,1.0
0.3002503128911138,0.9418056404435518,0.9108378321051891,1.033999255681758
0.5505006257822278,0.8900119641899419,0.8177430136883511,1.0883761148574398
0.8007509386733417,0.8436180197090567,0.7240663175806463,1.165111536368483
1.0510012515644556,0.801821222821037,0.633145075885687,1.266409948303545
1.301251564455569,0.7639705361569517,0.5477530026925822,1.3947354599637278
1.551501877346683,0.7295323120624936,0.4698114732199447,1.552819276767554
1.801752190237797,0.6980649754077142,0.4003472661374153,1.743648663178607
2.052002503128911,0.6691999875918975,0.3396186474320199,1.9704453587927575
2.3022528160200246,0.6426273458445041,0.28731829548052706,2.2366391418609055
2.5525031289111384,0.6180844053519755,0.24278207706994087,2.545840338839828
2.8027534418022526,0.5953471685616514,0.20516382326581964,2.9018135804102867
3.0530037546933664,0.5742234288908409,0.17356246330633357,3.308454016795961
3.30325406758448,0.5545473240450363,0.14710389279713892,3.7697664793261123
3.5535043804755944,0.5361749720392692,0.12498695013554269,4.289847631755249
3.803754693366708,0.5189809468822171,0.10650414432718223,4.872870911838889
4.054005006257822,0.48628644973269947,0.09104629336811433,5.34109002951463
4.304255319148936,0.4063038482463442,0.0780979084411065,5.202493336332268
4.554505632040049,0.3429424766049628,0.06722795571596547,5.1011885301685576
4.804755944931164,0.2920996333221802,0.05807889457026194,5.029359382327907
5.055006257822277,0.25083025376339085,0.0503556664187503,4.981172360574547
5.305256570713391,0.21698306244915844,0.04381550599048072,4.952198029991934
5.555506883604505,0.1889617664109256,0.03825895359622498,4.939020768972901
5.805757196495619,0.16556495014434067,0.033522162553240364,4.938969849614807
6.056007509386733,0.14587665463988939,0.029470444714004732,4.949930550948453
6.306257822277847,0.12919028114986628,0.025992926470062537,4.970209156658898
6.5565081351689605,0.11495482297416586,0.02299816337240416,4.998434923377484
6.806758448060075,0.10273631711199895,0.020410562230471215,5.033487855548754
7.057008760951189,0.0921898355838696,0.01816747241681568,5.074444780691636
7.307259073842302,0.08303888221557947,0.01621682577430043,5.12053859190959
7.557509386733416,0.07506006297049009,0.01451522301315285,5.171127092051912
7.80775969962453,0.06807155861216732,0.01302638180223099,5.22566892677051
8.058010012515645,0.061924370748103114,0.011719877047156511,5.283704811828829
8.308260325406758,0.05649561261448337,0.010570116874226466,5.344842756870442
8.558510638297873,0.051683322604637816,0.009555508687575513,5.408746336219516
8.808760951188987,0.047402422507774614,0.008657778565919703,5.475125304586618
9.0590112640801,0.04358154389091191,0.007861414490437292,5.543728033158023
9.309261576971217,0.04016051835203499,0.007153209721514912,5.614335370490125
9.559511889862328,0.03708837941147367,0.0065218873190276356,5.686755627204438
9.809762202753442,0.034321761628373644,0.005957790544825017,5.760820453512887
10.060012515644557,0.03182361026521255,0.005452626878794241,5.836381430935142
10.31026282853567,0.029562135338938242,0.004999255770767107,5.913307239009718
10.560513141426783,0.027509959195464027,0.00459151216104859,5.99148128776412
10.810763454317897,0.0256434182396271,0.004224059330172202,6.070799729648138
11.061013767209012,0.02394198815365699,0.0038922658617652358,6.151169782322816
11.311264080100123,0.02238780856869101,0.003592102483361063,6.232508307430905
11.56151439299124,0.02096528824145663,0.00332005533805275,6.314740601207271
11.811764705882354,0.01966077571588536,0.003073052874248569,6.397799361227348
12.062015018773469,0.01846228349974828,0.0028484040525440664,6.481623800267592
12.31226533166458,0.017359256168928396,0.0026437459825081585,6.566158883562418
12.562515644555695,0.016342374683033362,0.0024569994375385627,6.651354669989365
12.812765957446809,0.015403390673174484,0.002286330968398373,6.737165741128421
13.063016270337922,0.014534985634678957,0.0021301205579437954,6.823550704899808
13.313266583229035,0.013730650891776275,0.001986933940724993,6.910471762723139
13.56351689612015,0.01298458494953058,0.0018554988594315781,6.997894330966248
13.813767209011264,0.012291605450173482,0.0017346846518332233,7.085786708946582
14.06401752190238,0.011647073437205816,0.0016234846619578888,7.174119786977037
14.314267834793492,0.011046828025014598,0.0015210010517888695,7.262866788962622
14.564518147684606,0.010487129892895021,0.0014264316579923825,7.352003044895282
14.81476846057572,0.009964612284866455,0.0013390585947273615,7.441505789293183
15.065018773466834,0.009476238412015997,0.0012582383505534195,7.531353982214895
15.315269086357947,0.009019264331386511,0.0011833931665561107,7.621528149967445
15.56551939924906,0.008591206521869664,0.0011140035154420481,7.712010243038223
15.815769712140176,0.008189813498929803,0.0010496015286532154,7.802783509127003
16.06602002503129,0.007813040910884597,0.000989765241434186,7.893832379447244
16.316270337922404,0.0074590296436108285,0.0009341135450137648,7.985142366714011
16.566520650813516,0.007126086530919595,0.0008823017512532484,8.076699973447274
16.81677096370463,0.006812667326875183,0.000834017688776013,8.168492609399342
17.067021276595746,0.006517361645983001,0.0007889782611464753,8.260508517069319
17.317271589486857,0.006238879619046093,0.000746926407456376,8.352736704399453
17.567521902377973,0.005976040047897587,0.0007076284139887662,8.445166883861814
17.817772215269088,0.005727759872231871,0.0006708715327020195,8.537789417241475
18.0680225281602,0.0054930447872638425,0.0006364618683044238,8.63059526550691
18.318272841051314,0.005270980872672614,0.0006042225008383646,8.723575943231305
18.56852315394243,0.005060727111835942,0.0005739918150983128,8.816723477091994
18.81877346683354,0.0048615086962346945,0.0005456220119830428,8.910030368030284
19.069023779724656,0.004672611023518984,0.0005189777801253535,9.003489556701954
19.31927409261577,0.004493374309425696,0.0004939351089322688,9.097094391890762
19.569524405506883,0.004323188743810999,0.0004703802265727272,9.190838601593674
19.819774718398,0.004161490129754219,0.00044820864852496064,9.284716266519045
20.07002503128911,0.004007755952204882,0.00042732432409007696,9.378721795766708
20.320275344180224,0.0038615018291547664,0.00040763886983227553,9.472849904484317
20.57052565707134,0.003722278303966586,0.00038907088025412283,9.567095593315461
20.82077596996245,0.003589667942402511,0.0003715453071863385,9.66145412947501
21.07102628285357,0.0034632827021737005,0.000354992900390551,9.755921029303728
21.32127659574468,0.00334276154656407,0.0003393497027614297,9.850492042169565
21.571526908635796,0.0032277682769428356,0.00032455659428952513,9.945163135596195
21.821777221526908,0.003117989561835334,0.0003105588796234284,10.039930481511547
22.072027534418023,0.003013133142724255,0.0002973059146625939,10.134790443519414
22.32227784730913,0.002912926198951261,0.00028475076813168994,10.229739565106659
22.57252816020025,0.0028171138560215063,0.00027284991454324385,10.324774558707158
22.822778473091365,0.002725457823315887,0.0002615629553560358,10.419892295550921
23.07302878598248,0.002637735148716957,0.00025085236548923976,10.515089796233562
23.32327909887359,0.0025537370789806826,0.00024068326266296283,10.610364221947455
23.573529411764707,0.002473268015858908,0.00023102319730986814,10.705712866321164
23.823779724655815,0.00239614455901628,0.00022184196104463297,10.801133147818655
24.074030037546933,0.0023221946277065322,0.00021311141189205734,10.896622602654158
24.32428035043805,0.0022512566539912085,0.00020480531466419074,10.992178878182356
24.57453066332916,0.0021831788410111583,0.00019689919504485283,11.08779972672737
24.824780976220275,0.00211781848046879,0.0001893702060890561,11.183482999816944
25.07503128911139,0.0020550413240561704,0.00018219700597732016,11.279226642791164
25.3252816020025,0.001994721004079148,0.00017535964598271305,11.375028689757892
25.575531914893617,0.0019367384989878288,0.00016883946771339642,11.470887258869036
25.82578222778473,0.00188098163993538,0.00016261900878698895,11.56680054789435
26.076032540675843,0.0018273446548556492,0.00015668191617653306,11.662766830071092
26.32628285356696,0.00177572774688054,0.0001510128665424141,11.758784450209756
26.576533166458077,0.0017260367042145738,0.00014559749293125129,11.854851821037741
26.826783479349185,0.0016781825388504296,0.0001404223172824572,11.950967419764146
27.0770337922403,0.0016320811517487924,0.00013547468823662802,12.047129784850318
27.32728410513141,0.0015876530223215095,0.00013074272378788137,12.143337512971947
27.577534418022527,0.0015448229202513026,0.00012621525836529668,12.239589256159674
27.82778473091364,0.0015035196378566011,0.00012188179396729601,12.33588371910602
28.07803504380476,0.0014636757413682493,0.00011773245500757956,12.43221965662755
28.32828535669587,0.0014252273396278814,0.00011375794656254467,12.52859587127203
28.578535669586984,0.0013881138688470326,0.00010994951573832237,12.625011211060862
28.82878598247809,0.001352277892183246,0.00010629891590100738,12.721464567358119
29.07903629536921,0.0013176649129954465,0.00010279837353660849,12.817954872857989
29.329286608260325,0.0012842232007371785,9.944055752799181e-05,12.914481099682881
29.57953692115144,0.0012519036285335897,9.621855065482791e-05,13.011042257585425
29.829787234042552,0.0012206595215674668,9.312582313952402e-05,13.107637392247653
30.080037546933667,0.0011904465154717449,9.015620807747739e-05,13.204265583671319
30.33028785982478,0.0011612224239916178,8.730387860390765e-05,13.300925944653763
30.58053817271589,0.0011329471152391442,8.456332666214824e-05,13.397617619344055
30.83078848560701,0.0011055823959177894,8.192934324973726e-05,13.494339781874608
31.08103879849812,0.0010790919029440421,7.939700002905612e-05,13.591091635063513
31.33128911138924,0.0010534410019386272,7.69616321987218e-05,13.68787240918369
31.58153942428035,0.0010285966921013288,7.461882253055163e-05,13.784681360794515
31.831789737171466,0.0010045275170213017,7.236438648474659e-05,13.881517771632627
32.082040050062574,0.0009812034810094698,7.019435832308407e-05,13.978380947558174
32.332290362953685,0.0009585959705713202,6.810497814641195e-05,14.075270217553442
32.582540675844804,0.0009366776806675259,6.609267978867627e-05,14.172184932770845
32.83279098873592,0.0009154225454364706,6.415407950513106e-05,14.269124465627394
33.08304130162703,0.0008948056730772244,6.228596539732994e-05,14.366088208943179
33.333291614518146,0.000874803284613979,6.04852875220249e-05,14.463075575121161
33.58354192740926,0.0008553926562835998,5.874914863523671e-05,14.560085995366242
33.83379224030037,0.0008365520653068772,5.707479552654841e-05,14.657118918941269
34.08404255319149,0.0008182607388215583,5.545961090214657e-05,14.75417381245795
34.3342928660826,0.0008004988057712639,5.3901105778311983e-05,14.851250159200966
34.58454317897371,0.0007832472515591873,5.2396912349979654e-05,14.948347458483237
34.83479349186483,0.0007664878752891196,5.094477730166332e-05,15.04546522503091
35.08504380475594,0.0007502032494288959,4.954255553049723e-05,15.142602988396279
35.33529411764705,0.0007343766817429532,4.81882042534035e-05,15.239760292397381
35.58554443053817,0.0007189921793514069,4.687977747247068e-05,15.336936694582699
35.83579474342928,0.0007040344147829317,4.561542077453561e-05,15.434131765719728
36.0860450563204,0.0006894886938978683,4.439336644271724e-05,15.531345089306228
36.33629536921151,0.0006753409255664459,4.321192885926945e-05,15.628576261102902
36.586545682102624,0.0006615775929948059,4.206950018060791e-05,15.725824888686521
36.836795994993736,0.0006481857265987766,4.09645462667415e-05,15.823090591022336
37.08704630788485,0.0006351528783320362,3.989560284860372e-05,15.920372998054983
37.337296620775966,0.0006224670973815264,3.8861271917950056e-05,16.017671750316754
37.58754693366708,0.000610116907148739,3.786021832556552e-05,16.11498649855252
37.8377972465582,0.000598091283440839,3.689116657452367e-05,16.212316903360527
38.08804755944931,0.0005863796338005667,3.5952897796161454e-05,16.309662634848088
38.33829787234042,0.0005749717779084393,3.504424689728331e-05,16.407023372301722
38.58854818523154,0.0005638579289950966,3.416409986790049e-05,16.504398803870718
38.83879849812265,0.0005530286762055733,3.3311391239537e-05,16.601788626263932
39.08904881101376,0.0005424749678610101,3.248510168481305e-05,16.69919254445862
39.33929912390488,0.0005321880955667521,3.168425574964052e-05,16.796610271421326
39.58954943679599,0.0005221596791189882,3.0907919709947334e-05,16.89404152783979
39.8397997496871,0.0005123816521650684,3.0155199545384165e-05,16.99148604186565
40.09005006257821,0.000502846248575432,2.9425239022968244e-05,17.088943548867316
40.34030037546933,0.0004935459894876531,2.8717217884081037e-05,17.1864137911926
40.590550688360445,0.0004844736709855528,2.803035012866872e-05,17.283896517940587
40.84080100125156,0.0004756223523785565,2.736388239089275e-05,17.381391484742426
41.09105131414268,0.00046698534504861273,2.6717092400851546e-05,17.478898453550606
41.341301627033786,0.0004585562018339305,2.6089287527338825e-05,17.57641719243624
41.5915519399249,0.00045032870692064306,2.5479803396926135e-05,17.673947475394193
41.84180225281602,0.00044229686621522727,2.4888002584957323e-05,17.771489082155515
42.09205256570713,0.0004344548981721011,2.4313273374320437e-05,17.86904179800694
42.34230287859824,0.00042679722505233335,2.3755028578122774e-05,17.96660541361726
42.59255319148936,0.0004193184645908059,2.3212704422637375e-05,18.064179724869984
42.84280350438047,0.00041201342205047945,2.2685759487113815e-05,18.161764532702346
43.09305381727158,0.0004048770826436486,2.2173673697257512e-05,18.25935964295013
43.3433041301627,0.0003979046043012282,2.1675947369377698e-05,18.356964866198222
43.59355444305381,0.0003910913107721945,2.1192100302387723e-05,18.454580017636573
43.84380475594492,0.00038443268503631384,2.072167091501211e-05,18.55220491692135
44.09405506883604,0.00037792436301425393,2.026421542571521e-05,18.649839388041116
44.34430538172715,0.0003715621275600548,1.9819307073015315e-05,18.74748325918769
44.594555694618265,0.0003653419027217799,1.938653537398758e-05,18.84513636263174
44.84480600750938,0.0003592597482569557,1.8965505418890448e-05,18.942798534602602
45.095056320400495,0.0003533118543901442,1.8555837199971506e-05,19.040469615172455
45.34530663329161,0.00034749453680068686,1.815716497262379e-05,19.1381494481444
45.595556946182725,0.00034180423182931624,1.7769136647170178e-05,19.235837880944555
45.84580725907384,0.0003362374918929404,1.739141320965408e-05,19.33353476451775
46.09605757196495,0.00033079098109748274,1.7023668170108156e-05,19.431239953226903
46.34630788485607,0.0003254614710392068,1.6665587036861305e-05,19.528953304755728
46.59655819774718,0.0003202458367854651,1.6316866815526388e-05,19.626674680014776
46.84680851063829,0.0003151410530262891,1.5977215531388394e-05,19.72440394305076
47.09705882352941,0.00031014419038869634,1.5646351773986045e-05,19.82214096095862
47.34730913642052,0.00030525241190601683,1.5324004262747013e-05,19.919885603796917
47.59755944931163,0.00030046296963493743,1.5009911432601822e-05,20.01763774450567
47.84780976220275,0.00029577320141335235,1.4703821038560855e-05,20.115397258827173
48.09806007509386,0.0002911805277524588,1.4405489778295972e-05,20.21316402522918
48.348310387984974,0.000286682448856875,1.411468293182048e-05,20.31093792483083
48.59856070087609,0.0002822765417668816,1.3831174017412054e-05,20.408718841330742
48.8488110137672,0.00027796045761718194,1.3554744462969027e-05,20.50650666093764
49.09906132665832,0.00027373191900686343,1.3285183292035374e-05,20.604301272303033
49.34931163954944,0.0002695887174755154,1.302228682377087e-05,20.702102566456176
49.59956195244055,0.00026552871108069927,1.2765858386181746e-05,20.799910436740998
49.84981226533166,0.00026154982207222293,1.2515708041964378e-05,20.897724778755055
50.100062578222776,0.0002576500346588842,1.2271652326348735e-05,20.99554549029051
50.35031289111389,0.0002538273928635706,1.2033513996361295e-05,21.093372471276734
50.600563204005,0.00025007999846279937,1.1801121790957439e-05,21.19120562372487
50.85081351689612,0.00024640600900697953,1.1574310201502685e-05,21.28904485167408
51.10106382978723,0.0002428036359178528,1.1352919252109202e-05,21.386890061139432
51.35131414267834,0.00023927114265974648,1.11367942893599e-05,21.484741160061315
51.60156445556946,0.00023580684298143165,1.0925785780976533e-05,21.582598058256597
51.85181476846057,0.00023240909922553566,1.0719749123011545e-05,21.680460667370916
52.10206508135168,0.00022907632070260094,1.0518544455164342e-05,21.77832890083287
52.3523153942428,0.00022580696212702413,1.0322036483844017e-05,21.876202673809154
52.60256570713391,0.00022259952211223813,1.013009431261899e-05,21.9740819031613
52.852816020025024,0.00021945254172262352,9.942591279712784e-06,22.071966507403584
53.10306633291614,0.0002163646030797562,9.759404802222192e-06,22.169856406662273
53.35331664580725,0.00021333432802070763,9.580416226750408e-06,22.267751522635958
53.603566958698366,0.00021036037680621984,9.405510686163006e-06,22.365651778557144
53.853817271589485,0.0002074414468766815,9.23457696218936e-06,22.46355709915494
54.1040675844806,0.0002045762716539217,9.067507353605744e-06,22.561467410618732
54.35431789737171,0.00020176361938693366,8.904197549749296e-06,22.659382640563095
54.604568210262826,0.00019900229203972307,8.744546509124632e-06,22.75730271799356
54.85481852315394,0.00019629112421956212,8.58845634287634e-06,22.855227573273396
55.10506883604505,0.00019362898214400146,8.435832202911603e-06,22.953157138091363
55.35531914893617,0.00019101476264507362,8.28658217446786e-06,23.051091345430365
55.60556946182728,0.00018844739220918685,8.140617172930168e-06,23.14903012953701
55.85581977471839,0.00018592582605127635,7.997850844712384e-06,23.246973425891962
56.10607008760951,0.00018344904722184473,7.858199472025137e-06,23.344921171181223
56.35632040050062,0.00018101606574558315,7.721581881362156e-06,23.442873303268048
56.60657071339173,0.00017862591779032078,7.5879193555441634e-06,23.540829761165895
56.85682102628285,0.0001762776648651088,7.457135549167695e-06,23.638790485011832
57.10707133917396,0.00017397039304629277,7.3291564073128e-06,23.73675541604087
57.35732165206508,0.00017170321223048052,7.203910087370848e-06,23.834724496560955
57.607571964956186,0.00016947525541335826,7.081326883859975e-06,23.932697669928583
57.857822277847305,0.00016728567799335222,6.961339156101814e-06,24.03067488052518
58.108072590738416,0.00016513365709917906,6.843881258639229e-06,24.128656073733904
58.35832290362953,0.0001630183909403647,6.728889474279899e-06,24.22664119591745
58.60857321652065,0.00016093909817985403,6.616301949656432e-06,24.32463019439601
58.85882352941176,0.00015889501732786984,6.506058633198176e-06,24.422623017426144
59.10907384230287,0.0001568854061562139,6.398101215414981e-06,24.520619614180067
59.35932415519399,0.00015490954113223874,6.292373071397611e-06,24.618619934725434
59.6095744680851,0.00015296671687174964,6.188819205443692e-06,24.7166239300059
59.85982478097621,0.0001510562456101273,6.087386197722419e-06,24.8146315518218
60.11007509386733,0.00014917745669099168,5.988022152894825e-06,24.912642752811784
60.36032540675844,0.00014732969607175563,5.890676650610478e-06,25.01065748643446
60.61057571964955,0.00014551232584544184,5.795300697804585e-06,25.108675706950944
60.86082603254067,0.00014372472377816562,5.701846682723269e-06,25.20669736940752
61.11107634543178,0.00014196628286170716,5.610268330607599e-06,25.304722429618984
61.361326658322895,0.00014023641088062192,5.520520660970258e-06,25.402750844152205
61.611576971214014,0.0001385345299933605,5.432559946401473e-06,25.500782570310292
61.861827284105125,0.00013686007632688946,5.346343672843674e-06,25.598817566117066
62.11207759699624,0.00013521249958432525,5.261830501276935e-06,25.696855790301882
62.36232790988736,0.0001335912626651138,5.178980230759744e-06,25.79489720228499
62.61257822277847,0.00013199584129730644,5.097753762772141e-06,25.892941762163016
62.86282853566958,0.00013042572368149885,5.018113066810287e-06,25.99098943069504
63.1130788485607,0.00012888041014602115,4.940021147184043e-06,26.089040169288904
63.36332916145181,0.00012735941281297845,4.8634420109709e-06,26.187093939987864
63.61357947434292,0.00012586225527476028,4.788340637081744e-06,26.285150705457553
63.86382978723404,0.0001243884722806511,4.714682946395748e-06,26.38321042897335
64.11408010012515,0.00012293760943318842,4.642435772923541e-06,26.48127307440795
64.36433041301626,0.0001215092228939283,4.571566835959431e-06,26.57933860621929
64.61458072590737,0.00012010287909829225,4.502044713185177e-06,26.677406989438804
64.86483103879848,0.00011871815447918118,4.433838814689326e-06,26.775478189659818
65.11508135168961,0.00011735463519905402,4.366919357867602e-06,26.873552173026418
65.36533166458072,0.00011601191689018118,4.301257343171327e-06,26.97162890622241
65.61558197747183,0.00011468960440279215,4.236824530672097e-06,27.069708356460705
65.86583229036295,0.0001133873115608498,4.173593417412395e-06,27.167790491472765
66.11608260325406,0.00011210466092519142,4.111537215512907e-06,27.265875279498488
66.36633291614517,0.00011084128356378791,4.050629831008577e-06,27.36396268927621
66.6165832290363,0.0001095968188288812,3.990845843386579e-06,27.462052690032944
66.8668335419274,0.00010837091414076968,3.932160485800416e-06,27.560145251474925
67.11708385481852,0.00010716322477801801,3.874549625935415e-06,27.6582403437783
67.36733416770963,0.00010597341367387898,3.817989747501902e-06,27.75633793758012
67.61758448060074,0.00010480115121872018,3.762457932333283e-06,27.85443800396936
67.86783479349185,0.00010364611506825738,3.707931843067095e-06,27.952540514478358
68.11808510638298,0.00010250798995740299,3.6543897063880447e-06,28.05064544107439
68.36833541927409,0.00010138646751954603,3.6018102968128963e-06,28.148752756151268
68.6185857321652,0.0001002812461110848,3.550172920997705e-06,28.24686243252139
68.86883604505631,9.919203064104226e-05,3.4994574025488832e-06,28.34497444340778
69.11908635794742,9.811853240559862e-05,3.4496440673201283e-06,28.443088762436425
69.36933667083854,9.706046892738177e-05,3.400713729178035e-06,28.541205363628666
69.61958698372966,9.601756379936275e-05,3.3526476762198424e-06,28.639324221393853
69.86983729662077,9.498954653320814e-05,3.3054276574274298e-06,28.737445310522162
70.12008760951188,9.397615241194618e-05,3.259035869742253e-06,28.835568606177528
70.370337922403,9.29771223468101e-05,3.213454945546572e-06,28.933694083890682
70.62058823529411,9.199220273812517e-05,3.168667940536769e-06,29.031821719552532
70.87083854818522,9.102114534011139e-05,3.1246583219752126e-06,29.129951489407503
71.12108886107634,9.00637071294787e-05,3.08140995730757e-06,29.228083370047028
71.37133917396746,8.911965017769532e-05,3.0389071031329705e-06,29.326217338403385
71.62158948685857,8.818874152681347e-05,2.9971343945149356e-06,29.424353371743337
71.87183979974968,8.727075306874252e-05,2.956076834621386e-06,29.522491447662304
72.12209011264079,8.636546142786145e-05,2.9157197846825625e-06,29.620631544078282
72.3723404255319,8.547264784686723e-05,2.876048954256006e-06,29.718773639226114
72.62259073842303,8.459209807575922e-05,2.8370503917882222e-06,29.816917711651904
72.87284105131414,8.372360226386325e-05,2.798710475463052e-06,29.91506374020736
73.12309136420525,8.28669548548011e-05,2.7610159043270373e-06,30.013211704044448
73.37334167709636,8.202195448431676e-05,2.723953689682573e-06,30.11136158261006
73.62359198998747,8.118840388087098e-05,2.687511146739842e-06,30.209513355640876
73.87384230287859,8.036610976892099e-05,2.65167588651896e-06,30.307667003158212
74.12409261576971,7.955488277480333e-05,2.6164358079939983e-06,30.405822505463057
74.37434292866082,7.875453733514204e-05,2.581779090470904e-06,30.503979843131194
74.62459324155193,7.796489160770524e-05,2.5476941861915807e-06,30.602138997008513
74.87484355444305,7.718576738463765e-05,2.5141698131567444e-06,30.700299948206222
75.12509386733416,7.641699000799753e-05,2.4811949481603467e-06,30.798462678096303
75.37534418022527,7.56583882875295e-05,2.4487588200286715e-06,30.896627168307106
75.6255944931164,7.490979442060693e-05,2.4168509030574657e-06,30.99479340071885
75.8758448060075,7.417104391427984e-05,2.3854609106406565e-06,31.092961357459398
76.12609511889862,7.34419755093657e-05,2.354578789084467e-06,31.191131020900013
76.37634543178973,7.272243110652385e-05,2.324194711600967e-06,31.289302373651264
76.62659574468084,7.201225569425483e-05,2.2942990724752954e-06,31.387475398558898
76.87684605757195,7.131129727876868e-05,2.264882481400969e-06,31.485650078700008
77.12709637046308,7.061940681566768e-05,2.2359357579779496e-06,31.583826397379042
77.37734668335419,6.993643814339115e-05,2.2074499263682686e-06,31.68200433812407
77.6275969962453,6.926224791837074e-05,2.179416210104212e-06,31.780183884682984
77.87784730913641,6.859669555184785e-05,2.1518260270442557e-06,31.878365021019913
78.12809762202752,6.793964314830443e-05,2.124670984472082e-06,31.976547731311644
78.37834793491864,6.729095544546167e-05,2.097942874334198e-06,32.074731999944035
78.62859824780976,6.665049975580139e-05,2.0716336686117928e-06,32.17291781150867
78.87884856070087,6.601814590956719e-05,2.045735514822674e-06,32.271105150799364
79.12909887359199,6.53937661992027e-05,2.0202407316491912e-06,32.369294002809035
79.3793491864831,6.477723532518713e-05,1.9951418046882894e-06,32.467484352726295
79.62959949937421,6.416843034322811e-05,1.970431382319877e-06,32.56567618593232
79.87984981226532,6.356723061277381e-05,1.946102271689865e-06,32.663869487997815
80.13010012515643,6.297351774680765e-05,1.9221474348043803e-06,32.762064244679834
80.38035043804756,6.238717556288927e-05,1.8985599847317041e-06,32.86026044191885
80.63060075093867,6.180809003540767e-05,1.8753331819086817e-06,32.95845806583578
80.88085106382978,6.123614924901218e-05,1.8524604305483898e-06,33.056657102729176
81.13110137672089,6.0671243353189266e-05,1.8299352751460166e-06,33.15485753907231
81.381351689612,6.011326451795332e-05,1.8077513970799617e-06,33.2530593615104
81.63160200250312,5.956210689062064e-05,1.7859026113052776e-06,33.351262556858
81.88185231539424,5.901766655363712e-05,1.7643828631366995e-06,33.44946711209618
82.13210262828535,5.847984148343093e-05,1.7431862251185465e-06,33.54767301436998
82.38235294117646,5.794853151026174e-05,1.72230689397891e-06,33.645880250985826
82.63260325406758,5.742363827904007e-05,1.7017391876656124e-06,33.74408880940907
82.88285356695869,5.690506521109005e-05,1.6814775424615141e-06,33.842298677261404
83.1331038798498,5.63927174668302e-05,1.6615165101767966e-06,33.94050984231847
83.38335419274092,5.5886501909347606e-05,1.6418507554159596e-06,34.038722292507565
83.63360450563204,5.538632706884143e-05,1.6224750529173374e-06,34.13693601590513
83.88385481852315,5.4892103107912395e-05,1.603384284962977e-06,34.2351510007346
84.13410513141426,5.440374178767585e-05,1.5845734388568471e-06,34.33336723536407
84.38435544430537,5.3921156434676405e-05,1.5660376044693578e-06,34.43158470830415
84.63460575719648,5.3444261908582846e-05,1.5477719718462775e-06,34.529803408205694
84.88485607008761,5.2972974570642686e-05,1.5297718288801592e-06,34.628023323857754
85.13510638297872,5.250721225287647e-05,1.512032559042482e-06,34.72624444418543
85.38535669586983,5.204689422799204e-05,1.4945496391747385e-06,34.82446675824788
85.63560700876094,5.159194118000024e-05,1.4773186373367875e-06,34.9226902552362
85.88585732165205,5.114227517551359e-05,1.460335210710814e-06,35.020914924471505
86.13610763454317,5.069781963570998e-05,1.443595103559309e-06,35.11914075540303
86.38635794743429,5.0258499308944335e-05,1.4270941452355307e-06,35.2173677376061
86.6366082603254,4.982424024399133e-05,1.4108282482449506e-06,35.31559586078032
86.88685857321651,4.9394969763902734e-05,1.3947934063562282e-06,35.41382511474773
87.13710888610763,4.8970616440463806e-05,1.378985692760328e-06,35.51205548945101
87.38735919899874,4.8551110069233137e-05,1.3634012582764106e-06,35.610286974951634
87.63760951188985,4.8136381645151084e-05,1.3480363296031826e-06,35.708519561428176
87.88785982478097,4.772636333870214e-05,1.3328872076144238e-06,35.80675323917459
88.13811013767209,4.732098847261746e-05,1.317950265697473e-06,35.90498799859849
88.3883604505632,4.692019149910323e-05,1.3032219481334476e-06,36.003223830219504
88.63861076345431,4.6523907977582215e-05,1.288698768518056e-06,36.10146072466769
88.88886107634542,4.6132074552935045e-05,1.2743773082218679e-06,36.19969867268187
89.13911138923653,4.574462893422887e-05,1.2602542148889515e-06,36.297937665108066
89.38936170212766,4.536150987392105e-05,1.2463262009728137e-06,36.396177692898014
89.63961201501877,4.498265714752611e-05,1.2325900423086293e-06,36.49441874710753
89.88986232790988,4.460801153373405e-05,1.2190425767207397e-06,36.59266081889519
90.140112640801,4.4237514794969284e-05,1.2056807026644872e-06,36.69090389952069
90.3903629536921,4.387110965837876e-05,1.1925013779014186e-06,36.78914798034345
90.64061326658322,4.350873979723899e-05,1.1795016182069622e-06,36.88739305282131
90.89086357947434,4.315034981277131e-05,1.1666784961096994e-06,36.985639108508956
91.14111389236544,4.279588521635579e-05,1.1540291396613697e-06,37.083886139056695
91.39136420525656,4.24452924121332e-05,1.1415507312367727e-06,37.182134136209044
91.64161451814768,4.209851867998661e-05,1.129240506362784e-06,37.28038309180337
91.8918648310388,4.1755512158892264e-05,1.1170957525756717e-06,37.378632997768705
92.1421151439299,4.1416221830631505e-05,1.1051138083059865e-06,37.476883846124274
92.39236545682104,4.108059750385444e-05,1.0932920617902551e-06,37.57513562897855
92.64261576971214,4.074858979848744e-05,1.0816279500088107e-06,37.673388338527594
92.89286608260323,4.042015013047524e-05,1.0701189576489983e-06,37.77164196705424
93.14311639549436,4.009523069685052e-05,1.0587626160931517e-06,37.86989650692661
93.39336670838549,3.977378446112268e-05,1.0475565024306416e-06,37.96815195059714
93.64361702127658,3.94557651389779e-05,1.0364982384933773e-06,38.06640829060126
93.89386733416772,3.9141127184283325e-05,1.0255854899141365e-06,38.16466551955632
94.14411764705882,3.882982577538849e-05,1.014815965207141e-06,38.262923630160536
94.39436795994992,3.852181680171582e-05,1.0041874148702706e-06,38.3611826151918
94.64461827284104,3.8217056850634636e-05,9.936976305083788e-07,38.45944246750661
94.89486858573215,3.79155031946111e-05,9.833444439771412e-07,38.557703180039
95.14511889862328,3.761711377862773e-05,9.731257265469042e-07,38.65596474579958
95.3953692115144,3.732184720786649e-05,9.63039388086034e-07,38.75422715787436
95.6456195244055,3.7029662735648845e-05,9.530833762632402e-07,38.85249040942385
95.89586983729662,3.6740520251626844e-05,9.432556757683955e-07,38.950754493681956
96.14612015018773,3.645438027021977e-05,9.335543075513803e-07,39.04901940395516
96.39637046307884,3.617120391929004e-05,9.239773280784848e-07,39.147285133621345
96.64662077596996,3.589095292905311e-05,9.14522828605914e-07,39.24555167612905
96.89687108886106,3.56135896212161e-05,9.051889344699782e-07,39.34381902499635
97.1471214017522,3.5339076898339355e-05,8.959738043935168e-07,39.44208717381009
97.3973717146433,3.506737823341657e-05,8.868756298081809e-07,39.54035611622474
97.6476220275344,3.479845765966746e-05,8.778926341921221e-07,39.63862584596194
97.89787234042552,3.453227976053903e-05,8.690230724227593e-07,39.73689635680914
98.14812265331663,3.426880965991022e-05,8.602652301441955e-07,39.83516764261897
98.39837296620776,3.400801301249516e-05,8.516174231489336e-07,39.93343969730846
98.64862327909889,3.374985599444086e-05,8.430779967735432e-07,40.031712514858
98.89887359198998,3.34943052941147e-05,8.346453253079128e-07,40.12998608931064
99.1491239048811,3.3241328103077363e-05,8.263178114177556e-07,40.228260414771306
99.3993742177722,3.299089210723733e-05,8.18093885580046e-07,40.32653548540591
99.64962453066332,3.274296547818249e-05,8.099720055310555e-07,40.4248112954406
99.89987484355444,3.2497516864685015e-05,8.0195065572668e-07,40.523087839161
100.15012515644555,3.225451538437578e-05,7.940283468147603e-07,40.62136511091143
100.40037546933668,3.2013930615584166e-05,7.862036151190895e-07,40.7196431050942
100.65062578222778,3.1775732589339974e-05,7.784750221348361e-07,40.81792181616875
100.90087609511887,3.1539891781533477e-05,7.70841154035083e-07,40.91620123865106
101.15112640801,3.130637910523036e-05,7.633006211882305e-07,41.014481367112865
101.40137672090113,3.1075165903138026e-05,7.558520576859867e-07,41.11276219618097
101.65162703379224,3.08462239402198e-05,7.484941208816893e-07,41.21104372053646
101.90187734668336,3.0619525396453956e-05,7.412254909387095e-07,41.30932593491422
102.15212765957446,3.0395042859734363e-05,7.340448703886982e-07,41.407608834102064
102.40237797246556,3.0172749318909403e-05,7.269509836994276e-07,41.505892412940085
102.65262828535668,2.9952618156956507e-05,7.199425768520018e-07,41.60417666632022
102.9028785982478,2.973462314428913e-05,7.130184169272206e-07,41.702461589185305
103.15312891113892,2.9518738432193177e-05,7.061772917008562e-07,41.800747176528596
103.40337922403003,2.9304938546390344e-05,6.994180092476491e-07,41.89903342339315
103.65362953692114,2.9093198380725395e-05,6.927393975538043e-07,41.997320324871176
103.90387984981226,2.888349319097481e-05,6.861403041377906e-07,42.09560787610347
104.15413016270335,2.8675798588774166e-05,6.796195956792463e-07,42.19389607227867
104.40438047559448,2.8470090535661616e-05,6.731761576557885e-07,42.2921849086329
104.6546307884856,2.826634533723518e-05,6.668088939875597e-07,42.39047438044899
104.90488110137672,2.806453963742113e-05,6.605167266893085e-07,42.48876448305605
105.15513141426784,2.7864650412851256e-05,6.542985955298399e-07,42.587055211828684
105.40538172715894,2.7666654967346806e-05,6.48153457698657e-07,42.68534656218672
105.65563204005004,2.7470530926506484e-05,6.420802874796262e-07,42.783638529594555
105.90588235294116,2.7276256232396677e-05,6.36078075931508e-07,42.88193110956043
106.15613266583227,2.7083809138341617e-05,6.301458305751828e-07,42.9802242976362
106.4063829787234,2.6893168203811107e-05,6.242825750874225e-07,43.078518089416605
106.65663329161453,2.670431228940422e-05,6.184873490010579e-07,43.17681248053878
106.90688360450562,2.651722055192663e-05,6.127592074113885e-07,43.27510746668185
107.15713391739672,2.6331872439559587e-05,6.070972206886928e-07,43.3734030435663
107.40738423028785,2.614824768711892e-05,6.015004741967011e-07,43.47169920695356
107.65763454317896,2.5966326311401933e-05,5.95968068016892e-07,43.56999595264548
107.90788485607008,2.578608860662031e-05,5.904991166784747e-07,43.66829327648388
108.1581351689612,2.5607515139917543e-05,5.850927488939361e-07,43.76659117435003
108.4083854818523,2.5430586746968817e-05,5.797481073000157e-07,43.8648896421643
108.65863579474342,2.525528452766183e-05,5.744643482039963e-07,43.96318867588543
108.90888610763452,2.508158984185684e-05,5.692406413351735e-07,44.06148827151046
109.15913642052566,2.490948430522423e-05,5.640761696014064e-07,44.159788425073934
109.40938673341677,2.473894978515822e-05,5.589701288506177e-07,44.25808913264772
109.65963704630788,2.456996839676476e-05,5.539217276371407e-07,44.356390390340295
109.909887359199,2.4402522498922568e-05,5.489301869927983e-07,44.45469219429668
110.1601376720901,2.4236594690415503e-05,5.439947402026184e-07,44.55299454069767
110.4103879849812,2.4072167806134842e-05,5.39114632585065e-07,44.651297425759594
110.66063829787234,2.3909224913350186e-05,5.342891212766985e-07,44.74960084573393
110.91088861076344,2.3747749308047635e-05,5.29517475021164e-07,44.847904796906796
111.16113892365456,2.3587724511333414e-05,5.247989739624e-07,44.94620927559853
111.41138923654567,2.3429134265902418e-05,5.201329094419895e-07,45.044514278163504
111.6616395494368,2.327196253256957e-05,5.155185838005507e-07,45.14281980098951
111.9118898623279,2.311619348686334e-05,5.109553101830846e-07,45.241125840497446
112.16214017521902,2.2961811515679717e-05,5.06442412348184e-07,45.33943239314098
112.41239048811012,2.2808801213995898e-05,5.01979224481031e-07,45.4377394554061
112.66264080100125,2.2657147381641935e-05,4.975650910100838e-07,45.536047023810916
112.91289111389236,2.25068350201298e-05,4.93199366427392e-07,45.634355094905054
113.16314142678348,2.2357849329538177e-05,4.888814151124403e-07,45.732663665269385
113.41339173967458,2.2210175705452313e-05,4.846106111594576e-07,45.830972731515814
113.66364205256568,2.2063799735957483e-05,4.803863382081104e-07,45.929282290286785
113.91389236545682,2.1918707198685286e-05,4.76207989277509e-07,46.02759233825498
114.16414267834791,2.1774884057911687e-05,4.7207496660345653e-07,46.12590287212288
114.41439299123904,2.1632316461705462e-05,4.679866814788581e-07,46.224213888622664
114.66464330413017,2.149099073912665e-05,4.639425540972449e-07,46.32252538451564
114.91489361702126,2.135089339747349e-05,4.599420133993237e-07,46.42083735659206
115.16514392991238,2.121201111957715e-05,4.55984496922498e-07,46.51914980167072
115.4153942428035,2.107433076114332e-05,4.520694506532967e-07,46.617462716598716
115.6656445556946,2.0937839348139772e-05,4.4819632888264557e-07,46.71577609825108
115.91589486858572,2.080252407422874e-05,4.443645940639198e-07,46.814089943530455
116.16614518147684,2.066837229824371e-05,4.4057371667372303e-07,46.912404249366844
116.41639549436796,2.0535371541709304e-05,4.3682317507532896e-07,47.010719012717296
116.66664580725906,2.0403509486403778e-05,4.331124553847345e-07,47.10903423056561
116.91689612015018,2.0272773971963015e-05,4.294410513392648e-07,47.20734989992194
117.1671464330413,2.0143152993525563e-05,4.258084641686794e-07,47.30566601782268
117.4173967459324,2.001463469941757e-05,4.2221420246872396e-07,47.4039825813301
117.66764705882352,1.9887207388877082e-05,4.1865778207707875e-07,47.50229958753201
117.91789737171464,1.9760859509816954e-05,4.151387259516523e-07,47.60061703354154
118.16814768460574,1.9635579656625516e-05,4.116565640511704e-07,47.6989349164969
118.41839799749688,1.951135656800428e-05,4.082108332180127e-07,47.79725323356098
118.66864831038798,1.938817912484228e-05,4.048010770632527e-07,47.89557198192127
118.91889862327908,1.9266036348125815e-05,4.014268458538499e-07,47.99389115878944
119.1691489361702,1.9144917396883454e-05,3.9808769640195445e-07,48.09221076140111
119.41939924906131,1.9024811566165392e-05,3.9478319195627937e-07,48.19053078701565
119.66964956195244,1.8905708285056422e-05,3.915129020954925e-07,48.28885123291594
119.91989987484357,1.878759711472214e-05,3.882764026235961e-07,48.38717209640799
120.17015018773466,1.8670467746487585e-05,3.850732754672436e-07,48.4854933748208
120.42040050062576,1.855430999994769e-05,3.819031085749589e-07,48.58381506550607
120.67065081351689,1.843911382110914e-05,3.787654958182174e-07,48.682137165838114
120.920901126408,1.8324869280562855e-05,3.75660036894354e-07,48.780459673213294
121.17115143929912,1.82115665716866e-05,3.7258633723125337e-07,48.878782585050125
121.42140175219023,1.809919600887721e-05,3.6954400789379445e-07,48.977105898788786
121.67165206508136,1.7987748025811783e-05,3.665326654920061e-07,49.07542961189113
121.92190237797246,1.7877213173737456e-05,3.6355193209090725e-07,49.17375372184023
122.17215269086356,1.7767582119789036e-05,3.6060143512198815e-07,49.272078226140245
122.42240300375468,1.7658845645334176e-05,3.5768080729630613e-07,49.370403122316326
122.6726533166458,1.7550994644345494e-05,3.5478968651916305e-07,49.4687284079142
122.92290362953692,1.74440201217991e-05,3.5192771580632774e-07,49.56705408050004
123.17315394242804,1.733791319209911e-05,3.49094543201777e-07,49.66538013766024
123.42340425531914,1.723266507752775e-05,3.462898216969231e-07,49.763706577001216
123.67365456821024,1.7128267106720347e-05,3.435132091512963e-07,49.86203339614927
123.92390488110136,1.7024710713165042e-05,3.40764368214658e-07,49.96036059275027
124.17415519399248,1.6921987433726598e-05,3.3804296625051104e-07,50.05868816446944
124.4244055068836,1.682008890719386e-05,3.353486752609802e-07,50.15701610899126
124.67465581977471,1.6719006872850606e-05,3.3268117181303887e-07,50.25534442401929
124.92490613266582,1.661873316906911e-05,3.300401369660524e-07,50.353673107275725
125.17515644555694,1.651925973192628e-05,3.2742525620061055e-07,50.452002156501564
125.42540675844803,1.6420578593841802e-05,3.248362193486292e-07,50.550331569456176
125.67565707133916,1.632268188223786e-05,3.2227272052468943e-07,50.64866134391717
125.92590738423029,1.6225561818220277e-05,3.1973445805859614e-07,50.746991477680204
126.1761576971214,1.612921071528038e-05,3.172211344291258e-07,50.845321968558814
126.42640801001252,1.6033620978017475e-05,3.147324561989452e-07,50.94365281438429
126.67665832290362,1.5938785100881478e-05,3.122681339506768e-07,51.04198401300542
126.92690863579472,1.5844695666935227e-05,3.0982788222408586e-07,51.140315562288244
127.17715894868584,1.5751345346636405e-05,3.0741141945437127e-07,51.2386474601161
127.42740926157695,1.5658726896638457e-05,3.050184679115364e-07,51.33697970438928
127.67765957446808,1.5566833158610255e-05,3.026487536408189e-07,51.43531229302483
127.9279098873592,1.5475657058074287e-05,3.0030200640415953e-07,51.533645223956555
128.17816020025032,1.538519160326289e-05,2.9797795962269096e-07,51.63197849513468
128.42841051314144,1.5295429883992273e-05,2.956763503202234e-07,51.73031210452583
128.67866082603254,1.5206365070554085e-05,2.9339691906771326e-07,51.828646050112745
128.92891113892367,1.5117990412624066e-05,2.911394099286899e-07,51.926980329894135
129.17916145181476,1.5030299238187713e-05,2.889035704056275e-07,52.02531494188464
129.4294117647059,1.4943284952482365e-05,2.8668915138723914e-07,52.12364988411455
129.679662077597,1.4856941036955763e-05,2.844959070966811e-07,52.22198515462961
129.9299123904881,1.477126104824046e-05,2.823235950406416e-07,52.32032075149113
130.18016270337924,1.4686238617144117e-05,2.8017197595930856e-07,52.41865667277553
130.43041301627034,1.460186744765518e-05,2.7804081377718873e-07,52.51699291657432
130.68066332916146,1.4518141315963745e-05,2.759298755547676e-07,52.615329480993914
130.93091364205256,1.4435054069497486e-05,2.7383893144099474e-07,52.713666364155635
131.18116395494368,1.43525996259721e-05,2.7176775462657617e-07,52.812003564195315
131.4314142678348,1.4270771972456343e-05,2.6971612129806027e-07,52.910341079263375
131.6816645807259,1.4189565164451153e-05,2.676838105927019e-07,53.00867890752455
131.93191489361703,1.4108973324982743e-05,2.656706045540891e-07,53.10701704715786
132.18216520650813,1.4028990643709448e-05,2.636762880885214e-07,53.205355496356326
132.43241551939926,1.3949611376041967e-05,2.617006489221203e-07,53.30369425332699
132.68266583229035,1.3870829842276966e-05,2.597434775586638e-07,53.402033316290684
132.93291614518148,1.379264042674356e-05,2.5780456723812684e-07,53.50037268348192
133.1831664580726,1.3715037576962751e-05,2.558837138959185e-07,53.59871235314876
133.4334167709637,1.3638015802819354e-05,2.539807161227999e-07,53.69705232355263
133.68366708385483,1.356156967574631e-05,2.5209537512547014e-07,53.79539259296841
133.93391739674593,1.3485693827921242e-05,2.50227494687813e-07,53.89373315968401
134.18416770963705,1.3410382951474858e-05,2.4837688113278376e-07,53.99207402200041
134.43441802252818,1.333563179771124e-05,2.465433432849323e-07,54.090415178231495
134.68466833541927,1.3261435176339633e-05,2.4472669243354536e-07,54.188756626704
134.9349186483104,1.3187787954717585e-05,2.429267422963992e-07,54.28709836575725
135.1851689612015,1.311468505710539e-05,2.411433089841114e-07,54.3854403937432
135.43541927409262,1.304212146393137e-05,2.3937621096507867e-07,54.483782709026244
135.68566958698372,1.2970092211068145e-05,2.3762526903099398e-07,54.58212530998304
135.93591989987485,1.2898592389119386e-05,2.3589030626292734e-07,54.68046819500245
136.18617021276597,1.2827617142717168e-05,2.3417114799796452e-07,54.77881136248548
136.43642052565707,1.2757161669829528e-05,2.32467621796391e-07,54.877154810845056
136.6866708385482,1.2687221221078157e-05,2.307795574094113e-07,54.975498538506024
136.9369211514393,1.2617791099066112e-05,2.2910678674739668e-07,55.07384254390485
137.18717146433042,1.2548866657715212e-05,2.2744914384864586e-07,55.17218682548988
137.43742177722154,1.2480443301613189e-05,2.2580646484865813e-07,55.27053138172078
137.68767209011264,1.2412516485370225e-05,2.2417858794990046e-07,55.36887621106874
137.93792240300377,1.2345081712984835e-05,2.2256535339206605e-07,55.46722131201625
138.18817271589486,1.2278134537218953e-05,2.2096660342281337e-07,55.56556668305702
138.438423028786,1.2211670558981982e-05,2.193821822689763e-07,55.66391232269588
138.6886733416771,1.2145685426723788e-05,2.1781193610823895e-07,55.76225822944863
138.9389236545682,1.2080174835836336e-05,2.1625571304126402e-07,55.8606044018421
139.18917396745934,1.2015134528064016e-05,2.147133630642706e-07,55.95895083841382
139.43942428035044,1.1950560290922357e-05,2.131847380420492e-07,56.057297537712074
139.68967459324156,1.1886447957125039e-05,2.1166969168140852e-07,56.155644498295715
139.93992490613266,1.1822793404019173e-05,2.1016807950504694e-07,56.25399171873416
140.1901752190238,1.1759592553028528e-05,2.0867975882583855e-07,56.35233919760724
140.4404255319149,1.1696841369104792e-05,2.0720458872153022e-07,56.45068693350514
140.690675844806,1.1634535860186494e-05,2.0574243000983798e-07,56.54903492502818
140.9409261576971,1.157267207666572e-05,2.0429314522393935e-07,56.647383170786966
141.19117647058823,1.1511246110862301e-05,2.0285659858835345e-07,56.74573166940202
141.44142678347936,1.1450254096505496e-05,2.0143265599520148e-07,56.8440804195039
141.69167709637046,1.1389692208222908e-05,2.0002118498084117e-07,56.942429419733
141.94192740926158,1.1329556661036637e-05,1.9862205470286916e-07,57.04077866873954
142.1921777221527,1.1269843709866535e-05,1.9723513591748504e-07,57.13912816518335
142.4424280350438,1.1210549649040401e-05,1.9586030095720968e-07,57.2374779077339
142.69267834793493,1.115167081181101e-05,1.9449742370895164e-07,57.33582789507026
142.94292866082603,1.1093203569879985e-05,1.9314637959241895e-07,57.434178125880834
143.19317897371715,1.103514433292819e-05,1.9180704553886407e-07,57.532528598863394
143.44342928660828,1.0977489548152789e-05,1.9047929997016273e-07,57.630879312724986
143.69367959949938,1.0920235699810666e-05,1.891630227782164e-07,57.729230266181894
143.9439299123905,1.0863379308768172e-05,1.8785809530467454e-07,57.827581457959425
144.1941802252816,1.080691693205721e-05,1.865644003209721e-07,57.92593288679192
144.44443053817272,1.0750845162437325e-05,1.8528182200867337e-07,58.02428455142274
144.69468085106382,1.0695160627963984e-05,1.8401024594012256e-07,58.12263645060405
144.94493116395495,1.0639859991562674e-05,1.8274955905938925e-07,58.22098858309679
145.19518147684607,1.0584939950608984e-05,1.8149964966350934e-07,58.31934094767068
145.44543178973717,1.0530397236514364e-05,1.8026040738401337e-07,58.417693543103944
145.6956821026283,1.0476228614317607e-05,1.7903172316873702e-07,58.516046368183495
145.9459324155194,1.0422430882281945e-05,1.7781348926391234e-07,58.614399421704626
146.19618272841052,1.036900087149759e-05,1.7660559919652974e-07,58.712752702471164
146.44643304130162,1.0315935445489785e-05,1.7540794775697214e-07,58.81110620929516
146.69668335419274,1.0263231499832092e-05,1.7422043098191067e-07,58.90945994099696
146.94693366708387,1.0210885961765057e-05,1.7304294613746277e-07,59.00781389640512
147.19718397997497,1.0158895789819948e-05,1.7187539170260423e-07,59.10616807435628
147.4474342928661,1.0107257973447632e-05,1.707176673528333e-07,59.20452247369515
147.6976846057572,1.005596953265253e-05,1.6956967394408226e-07,59.30287709327443
147.94793491864831,1.000502751763139e-05,1.6843131349687062e-07,59.40123193195474
148.19818523153944,9.954429008417082e-06,1.673024891806992e-07,59.499586988604534
148.44843554443054,9.904171114527059e-06,1.6618310529867725e-07,59.59794226210005
148.69868585732166,9.854250974616612e-06,1.6507306727238143e-07,59.69629775132517
148.94893617021276,9.804665756136788e-06,1.6397228162694207e-07,59.79465345517151
149.1991864831039,9.755412654996818e-06,1.628806559763519e-07,59.893009372538216
149.44943679599498,9.706488895231158e-06,1.6179809900899588e-07,59.99136550233191
149.6996871088861,9.657891728670884e-06,1.6072452047339487e-07,60.08972184346681
149.94993742177724,9.60961843461953e-06,1.5965983116416423e-07,60.18807839486439
150.20018773466833,9.561666319533217e-06,1.5860394290817968e-07,60.28643515545346
150.45043804755946,9.514032716705005e-06,1.5755676855094847e-07,60.384792124170104
150.70068836045056,9.466714985953505e-06,1.5651822194318393e-07,60.483149299957674
150.95093867334168,9.419710513315503e-06,1.5548821792757743e-07,60.581506681766534
151.2011889862328,9.37301671074278e-06,1.5446667232576692e-07,60.67986426855424
151.4514392991239,9.32663101580281e-06,1.534535019254969e-07,60.77822205928527
151.70168961201503,9.280550891383476e-06,1.5244862446796763e-07,60.87658005293119
151.95193992490613,9.234773825401658e-06,1.5145195863537136e-07,60.97493824847037
152.20219023779725,9.18929733051561e-06,1.5046342403861006e-07,61.073296644888046
152.45244055068835,9.144118943841177e-06,1.494829412051945e-07,61.17165524117624
152.70269086357948,9.099236226671637e-06,1.485104315673194e-07,61.27001403633371
152.9529411764706,9.054646764201303e-06,1.4754581745011372e-07,61.3683730293659
153.2031914893617,9.010348165252656e-06,1.4658902206006177e-07,61.46673221928484
153.45344180225285,8.966338062007031e-06,1.4563996947359247e-07,61.565091605109224
153.70369211514392,8.922614109738909e-06,1.446985846258369e-07,61.66345118586403
153.95394242803505,8.879173986553476e-06,1.4376479329954466e-07,61.76181096058097
154.20419274092615,8.836015393127783e-06,1.4283852211416597e-07,61.86017092829802
154.45444305381727,8.793136052455098e-06,1.4191969851508786e-07,61.958531088059466
154.7046933667084,8.75053370959266e-06,1.410082507630279e-07,62.056891438915954
154.9549436795995,8.708206131412642e-06,1.4010410792358025e-07,62.15525197992432
155.20519399249062,8.666151106356309e-06,1.3920719985691157e-07,62.253612710147756
155.45544430538172,8.624366444191395e-06,1.383174572076072e-07,62.351973628655394
155.70569461827284,8.582849975772515e-06,1.3743481139466035e-07,62.45033473452256
155.95594493116397,8.54159955280473e-06,1.365591946016071e-07,62.54869602683061
156.20619524405507,8.50061304761008e-06,1.3569053976680116e-07,62.64705750466688
156.4564455569462,8.459888352897103e-06,1.348287805738278e-07,62.74541916712468
156.7066958698373,8.419423381533335e-06,1.3397385144205532e-07,62.843781013303165
156.95694618272842,8.379216066320655e-06,1.331256875173196e-07,62.942143042307464
157.20719649561954,8.33926435977353e-06,1.3228422466274297e-07,63.040505253248334
157.45744680851064,8.299566233900059e-06,1.3144939944968184e-07,63.138867645242385
157.70769712140176,8.260119679985756e-06,1.3062114914880296e-07,63.23723021741195
157.95794743429286,8.220922708380147e-06,1.2979941172128687e-07,63.335592968885
158.208197747184,8.181973348285987e-06,1.2898412581015463e-07,63.4339558987951
158.45844806007509,8.14326964755119e-06,1.2817523073171736e-07,63.53231900628139
158.7086983729662,8.104809672463328e-06,1.2737266646714583e-07,63.6306822904886
158.95894868585734,8.06659150754678e-06,1.265763736541595e-07,63.72904575056689
159.20919899874843,8.028613255362365e-06,1.2578629357883115e-07,63.82740938567187
159.45944931163956,7.990873036309513e-06,1.2500236816750718e-07,63.92577319496449
159.70969962453066,7.953368988430934e-06,1.2422453997884052e-07,64.02413717761121
159.95994993742178,7.916099267219666e-06,1.2345275219593533e-07,64.1225013327836
160.21020025031288,7.879062045428621e-06,1.2268694861860123e-07,64.22086565965856
160.460450563204,7.842255512882405e-06,1.2192707365571452e-07,64.31923015741837
160.71070087609513,7.805677876291553e-06,1.2117307231768753e-07,64.41759482525033
160.96095118898623,7.769327359069044e-06,1.2042489020904103e-07,64.51595966234689
161.21120150187735,7.733202201149067e-06,1.1968247352107966e-07,64.61432466790569
161.46145181476845,7.697300658808086e-06,1.1894576902467013e-07,64.71268984112932
161.71170212765958,7.661621004488062e-06,1.182147240631176e-07,64.81105518122551
161.9619524405507,7.626161526621891e-06,1.1748928654514158e-07,64.90942068740691
162.2122027534418,7.5909205294609865e-06,1.1676940493794834e-07,65.00778635889108
162.46245306633293,7.555896332904959e-06,1.1605502826039796e-07,65.10615219490059
162.71270337922402,7.521087272333434e-06,1.153461060762667e-07,65.20451819466277
162.96295369211515,7.486491698439884e-06,1.1464258848760021e-07,65.30288435740987
163.21320400500625,7.4521079770675405e-06,1.1394442612815925e-07,65.40125068237884
163.46345431789737,7.417934489047264e-06,1.1325157015695378e-07,65.49961716881145
163.7137046307885,7.383969630037451e-06,1.1256397225186643e-07,65.5979838159542
163.9639549436796,7.350211810365839e-06,1.1188158460336245e-07,65.69635062305811
164.21420525657072,7.316659454873264e-06,1.1120435990828459e-07,65.79471758937918
164.46445556946182,7.2833110027593245e-06,1.1053225136373434e-07,65.89308471417765
164.71470588235294,7.25016490742989e-06,1.0986521266103384e-07,65.99145199671855
164.96495619524407,7.2172196363464905e-06,1.0920319797977143e-07,66.08981943627138
165.21520650813517,7.184473670877508e-06,1.08546161981927e-07,66.18818703211015
165.4654568210263,7.151925506151158e-06,1.078940598060765e-07,66.28655478351338
165.7157071339174,7.119573650910278e-06,1.0724684706167577e-07,66.3849226897639
165.96595744680852,7.087416627368817e-06,1.0660447982341972e-07,66.48329075014911
166.2162077596996,7.055452971070108e-06,1.059669146256792e-07,66.58165896396068
166.46645807259074,7.023681230746782e-06,1.053341084570111e-07,66.6800273304946
166.7167083854819,6.992099968182407e-06,1.0470601875474307e-07,66.77839584905115
166.96695869837296,6.960707758074788e-06,1.0408260339963047e-07,66.87676451893498
167.2172090112641,6.929503187900821e-06,1.0346382071058411e-07,66.97513333945486
167.4674593241552,6.898484857783091e-06,1.0284962943946994e-07,67.07350230992377
167.7177096370463,6.867651380357936e-06,1.0223998876597627e-07,67.17187142965898
167.96795994993744,6.837001380645169e-06,1.0163485829255091e-07,67.27024069798178
168.2182102628285,6.806533495919303e-06,1.0103419803940473e-07,67.36861011421757
168.46846057571966,6.7762463755822875e-06,1.0043796843958117e-07,67.46697967769592
168.71871088861076,6.7461386810378375e-06,9.984613033409281e-08,67.56534938775033
168.96896120150188,6.716209085567134e-06,9.925864496712011e-08,67.66371924371836
169.21921151439298,6.686456274206095e-06,9.86754739812754e-08,67.76208924494158
169.4694618272841,6.65687894362401e-06,9.809657941292805e-08,67.86045939076553
169.71971214017523,6.627475802003683e-06,9.752192368759252e-08,67.95882968053962
169.96996245306633,6.598245568922922e-06,9.695146961537605e-08,68.05720011361716
170.22021276595746,6.569186975237445e-06,9.638518038648641e-08,68.15557068935539
170.47046307884855,6.540298762965175e-06,9.582301956679916e-08,68.25394140711532
170.72071339173968,6.511579685171847e-06,9.526495109348214e-08,68.35231226626178
170.9709637046308,6.4830285058580105e-06,9.471093927067793e-08,68.4506832661634
171.2212140175219,6.454643999847298e-06,9.416094876524224e-08,68.54905440619254
171.47146433041303,6.426424952676014e-06,9.361494460253787e-08,68.64742568572535
171.72171464330413,6.398370160484041e-06,9.307289216228417e-08,68.74579710414162
171.97196495619525,6.370478429906948e-06,9.253475717445936e-08,68.84416866082479
172.22221526908635,6.342748577969426e-06,9.200050571525709e-08,68.94254035516202
172.47246558197747,6.315179431979889e-06,9.147010420309472e-08,69.04091218654396
172.7227158948686,6.2877698294263565e-06,9.094351939467374e-08,69.13928415436504
172.9729662077597,6.260518617873494e-06,9.042071838109118e-08,69.23765625802301
173.22321652065082,6.233424654860855e-06,8.990166858400038e-08,69.33602849691941
173.47346683354192,6.206486807802317e-06,8.938633775182279e-08,69.43440087045911
173.72371714643305,6.179703953886634e-06,8.887469395600701e-08,69.53277337805055
173.97396745932417,6.153074979979174e-06,8.836670558733699e-08,69.63114601910557
174.22421777221527,6.126598782524759e-06,8.786234135228708e-08,69.72951879303956
174.4744680851064,6.100274267451608e-06,8.736157026942407e-08,69.82789169927112
174.7247183979975,6.074100350076425e-06,8.68643616658552e-08,69.92626473722243
174.97496871088862,6.048075955010508e-06,8.637068517372134e-08,70.02463790631896
175.22521902377972,6.022200016066995e-06,8.588051072673579e-08,70.1230112059895
175.47546933667084,5.9964714761691e-06,8.539380855676595e-08,70.22138463566614
175.72571964956197,5.970889287259459e-06,8.491054919045961e-08,70.31975819478433
175.97596996245306,5.945452410210457e-06,8.44307034459136e-08,70.41813188278267
176.2262202753442,5.9201598147355835e-06,8.395424242938458e-08,70.51650569910313
176.4764705882353,5.895010479301817e-06,8.348113753204225e-08,70.61487964319075
176.7267209011264,5.8700033910429605e-06,8.301136042676254e-08,70.71325371449393
176.9769712140175,5.845137545673998e-06,8.254488306496266e-08,70.81162791246413
177.22722152690864,5.820411947406373e-06,8.208167767347493e-08,70.91000223655597
177.47747183979976,5.795825608864267e-06,8.162171675146074e-08,71.00837668622722
177.72772215269086,5.771377551001786e-06,8.116497306736319e-08,71.10675126093874
177.97797246558198,5.74706680302108e-06,8.071141965589763e-08,71.20512596015449
178.22822277847308,5.722892402291411e-06,8.026102981508091e-08,71.30350078334142
178.4784730913642,5.6988533942690785e-06,7.981377710329656e-08,71.40187572996966
178.72872340425533,5.674948832418297e-06,7.93696353363982e-08,71.5002507995122
178.97897371714643,5.65117777813291e-06,7.892857858484788e-08,71.59862599144515
179.22922403003756,5.627539300658993e-06,7.849058117089086e-08,71.69700130524745
179.47947434292865,5.604032477018338e-06,7.805561766576539e-08,71.79537674040115
179.72972465581978,5.580656391932754e-06,7.762366288694723e-08,71.89375229639114
179.97997496871088,5.557410137749243e-06,7.719469189542857e-08,71.9921279727052
180.230225281602,5.534292814365971e-06,7.676867999303032e-08,72.0905037688341
180.48047559449316,5.511303529159097e-06,7.634560271974833e-08,72.18887968427143
180.73072590738423,5.488441396910391e-06,7.592543585113225e-08,72.28725571851352
180.98097622027532,5.465705539735624e-06,7.550815539569604e-08,72.3856318710597
181.23122653316645,5.443095087013812e-06,7.509373759236182e-08,72.48400814141202
181.4814768460576,5.420609175317188e-06,7.468215890793415e-08,72.58238452907537
181.7317271589487,5.398246948341968e-06,7.427339603460609e-08,72.68076103355732
181.9819774718398,5.376007556839858e-06,7.386742588749521e-08,72.77913765436824
182.23222778473087,5.3538901585503315e-06,7.346422560221046e-08,72.87751439102135
182.482478097622,5.331893918133638e-06,7.306377253244877e-08,72.97589124303238
182.73272841051315,5.310018007104558e-06,7.266604424762096e-08,73.07426820991986
182.98297872340424,5.288261603766875e-06,7.227101853050678e-08,73.17264529120499
183.23322903629537,5.266623893148534e-06,7.187867337493822e-08,73.27102248641161
183.4834793491865,5.24510406693756e-06,7.148898698351175e-08,73.36939979506623
183.7337296620776,5.223701323418637e-06,7.1101937765328e-08,73.46777721669791
183.98397997496872,5.202414867410373e-06,7.071750433375861e-08,73.56615475083842
184.23423028785984,5.181243910203282e-06,7.033566550424118e-08,73.66453239702207
184.4844806007509,5.160187669498396e-06,6.995640029210006e-08,73.76291015478564
184.73473091364207,5.139245369346552e-06,6.957968791039361e-08,73.86128802366856
184.9849812265332,5.118416240088377e-06,6.920550776778836e-08,73.95966600321282
185.2352315394243,5.097699518294854e-06,6.883383946645777e-08,74.05804409296283
185.4854818523154,5.077094446708568e-06,6.84646628000069e-08,74.15642229246555
185.7357321652065,5.0566002741855815e-06,6.809795775142207e-08,74.25480060127039
185.9859824780976,5.036216255637938e-06,6.77337044910452e-08,74.35317901892928
186.23623279098877,5.015941651976755e-06,6.737188337457216e-08,74.45155754499655
186.48648310387983,4.9957757300559825e-06,6.701247494107587e-08,74.54993617902895
186.73673341677096,4.9757177626166784e-06,6.665545991105193e-08,74.64831492058568
186.9869837296621,4.955767028231978e-06,6.630081918448903e-08,74.7466937692283
187.2372340425532,4.935922811252579e-06,6.594853383896134e-08,74.84507272452075
187.4874843554443,4.916184401752837e-06,6.559858512774417e-08,74.94345178602934
187.73773466833543,4.896551095477426e-06,6.525095447795186e-08,75.04183095332282
187.98798498122653,4.877022193788581e-06,6.490562348869827e-08,75.14021022597211
188.2382352941177,4.857597003613874e-06,6.456257392927845e-08,75.23858960355055
188.4884856070088,4.838274837394581e-06,6.422178773737273e-08,75.33696908563374
188.73873591989988,4.8190550130345635e-06,6.38832470172713e-08,75.43534867179962
188.98898623279095,4.799936853849692e-06,6.354693403812033e-08,75.53372836162829
189.2392365456821,4.780919688517826e-06,6.321283123218856e-08,75.63210815470225
189.48948685857323,4.762002851029323e-06,6.28809211931549e-08,75.73048805060613
189.73973717146436,4.743185680638033e-06,6.255118667441536e-08,75.82886804892684
189.98998748435545,4.724467521812846e-06,6.222361058741068e-08,75.92724814925347
190.24023779724652,4.705847724189725e-06,6.189817599997326e-08,76.02562835117723
190.49048811013768,4.687325642524253e-06,6.157486613469334e-08,76.12400865429177
190.7407384230288,4.668900636644693e-06,6.12536643673053e-08,76.22238905819259
190.9909887359199,4.650572071405504e-06,6.09345542250916e-08,76.32076956247748
191.24123904881105,4.632339316641362e-06,6.061751938530597e-08,76.41915016674648
191.4914893617021,4.614201747121684e-06,6.030254367361571e-08,76.51753087060148
191.74173967459325,4.596158742505558e-06,5.99896110625605e-08,76.61591167364676
191.99198998748437,4.5782096872972405e-06,5.967870567003123e-08,76.71429257548851
192.24224030037547,4.560353970802033e-06,5.936981175776488e-08,76.81267357573509
192.4924906132666,4.542590987082642e-06,5.9062913729857605e-08,76.91105467399693
192.7427409261577,4.524920134916022e-06,5.875799613129528e-08,77.00943586988649
192.9929912390488,4.5073408177506204e-06,5.8455043646500676e-08,77.10781716301815
193.24324155193992,4.489852443664088e-06,5.815404109789739e-08,77.20619855300859
193.49349186483104,4.472454425321437e-06,5.7854973444491146e-08,77.30458003947622
193.7437421777221,4.455146179933609e-06,5.755782578046651e-08,77.40296162204164
193.99399249061327,4.437927129216462e-06,5.726258333380032e-08,77.50134330032733
194.2442428035044,4.4207966993502296e-06,5.696923146489124e-08,77.59972507395786
194.4944931163955,4.403754320939342e-06,5.667775566520471e-08,77.69810694255966
194.7447434292866,4.3867994289726785e-06,5.638814155593371e-08,77.79648890576102
194.9949937421777,4.36993146278424e-06,5.610037488667459e-08,77.89487096319246
195.24524405506884,4.353149866014212e-06,5.581444153411873e-08,77.99325311448617
195.49549436796,4.336454086570422e-06,5.5530327500758464e-08,78.09163535927628
195.74574468085103,4.319843576590218e-06,5.524801891360835e-08,78.19001769719893
195.9959949937422,4.303317792402668e-06,5.4967502022940345e-08,78.28840012789202
196.24624530663328,4.2868761944912505e-06,5.46887632010345e-08,78.38678265099547
196.4964956195244,4.270518247456819e-06,5.441178894094282e-08,78.4851652661509
196.7467459324155,4.254243419981017e-06,5.413656585526788e-08,78.58354797300184
196.99699624530663,4.238051184790015e-06,5.3863080674954766e-08,78.68193077119375
197.24724655819776,4.221941018618659e-06,5.359132024809745e-08,78.7803136603738
197.49749687108888,4.20591240217494e-06,5.332127153875794e-08,78.87869664019104
197.74774718398,4.189964820104857e-06,5.3052921625799386e-08,78.97707971029624
197.99799749687108,4.174097760957613e-06,5.278625770173194e-08,79.07546287034208
198.2482478097622,4.158310717151161e-06,5.252126707157194e-08,79.17384611998288
198.49849812265333,4.142603184938127e-06,5.2257937151713924e-08,79.27222945887485
198.74874843554443,4.126974664372037e-06,5.199625546881521e-08,79.37061288667591
198.99899874843555,4.111424659273903e-06,5.173620965869312e-08,79.46899640304574
199.24924906132665,4.095952677199147e-06,5.1477787465234674e-08,79.56738000764568
199.49949937421775,4.080558229404848e-06,5.1220976739318293e-08,79.66576370013901
199.74974968710887,4.065240830817314e-06,5.096576543774791e-08,79.76414748019037
200.0,4.049999999999999e-06,5.0712141622198685e-08,79.86253134746643
